[
    {
      "job_name": "web developer",
      "company_name": "XSW",
      "location": "BD",
      "industry": "IT",
      "size_of_company": "1-5 staff",
      "job_posted": 1,
      "job_filled": 2,
      "job_rate_per_hour": "$8-$9",
      "hours_per_week": 40,
      "employment": "part time",
      "experience_level": "2/3 years",
      "job_description": "Turpis nibh pellentesque augue pharetra nulla id hendrerit. Vitae magna sit tincidunt arcu. Nulla quis auctor congue scelerisque nibh donec eget. Non habitant sit et ut habitasse. Lectus pellentesque metus in velit ultrices enim amet quam leo. Et massa aliquam ipsum consectetur risus. Quis posuere fermentum aliquam dui integer sed molestie. Mattis diam viverra ut sit mi pretium fames proin. Nisl viverra cras montes feugiat in. Arcu proin gravida massa adipiscing malesuada orci mi at tempus. Enim amet maecenas tincidunt urna adipiscing aliquet faucibus est quis. Malesuada diam vitae tellus dolor tristique in dictum eu.",
      "by_employee_name": "John Doe"
    },
    {
      "job_name": "Mobile App Developer",
      "company_name": "AppInnovate",
      "location": "NY",
      "industry": "IT",
      "size_of_company": "6-10 staff",
      "job_posted": 3,
      "job_filled": 5,
      "job_rate_per_hour": "$20-$25",
      "hours_per_week": 30,
      "employment": "full time",
      "experience_level": "3/4 years",
      "job_description": "Vivamus cursus risus at urna feugiat, nec varius libero blandit. Ut ac neque non orci tincidunt egestas. Proin eget lectus ut nisi volutpat dictum. Maecenas auctor ex vel erat interdum, id facilisis est laoreet.",
      "by_employee_name": "Jane Smith"
    },
    {
      "job_name": "Data Scientist",
      "company_name": "DataMinds",
      "location": "SF",
      "industry": "Tech",
      "size_of_company": "11-50 staff",
      "job_posted": 5,
      "job_filled": 2,
      "job_rate_per_hour": "$35-$40",
      "hours_per_week": 40,
      "employment": "full time",
      "experience_level": "5+ years",
      "job_description": "Nullam id massa sit amet dui ullamcorper efficitur. Fusce vestibulum magna et augue tincidunt, at dignissim orci tincidunt. Sed fringilla mi at lectus dapibus, in ultricies nisi pretium.",
      "by_employee_name": "Michael Johnson"
    },
    {
      "job_name": "Front-End Developer",
      "company_name": "WebWorks",
      "location": "LA",
      "industry": "IT",
      "size_of_company": "51-200 staff",
      "job_posted": 1,
      "job_filled": 3,
      "job_rate_per_hour": "$18-$22",
      "hours_per_week": 40,
      "employment": "part time",
      "experience_level": "2/3 years",
      "job_description": "Aliquam a eros ac ligula egestas mollis. Donec non arcu vitae magna porttitor cursus. Vivamus convallis lacus at lectus bibendum, non volutpat urna cursus.",
      "by_employee_name": "Emily Davis"
    },
    {
      "job_name": "Backend Developer",
      "company_name": "TechHub",
      "location": "TX",
      "industry": "Software",
      "size_of_company": "201-500 staff",
      "job_posted": 2,
      "job_filled": 4,
      "job_rate_per_hour": "$25-$30",
      "hours_per_week": 40,
      "employment": "full time",
      "experience_level": "4/5 years",
      "job_description": "Morbi vitae nunc id lorem volutpat tincidunt. Cras scelerisque sem sit amet nisl dictum, at pharetra mi volutpat. Duis lacinia nisl ut dolor tincidunt, id dignissim libero fermentum.",
      "by_employee_name": "Chris Brown"
    },
    {
      "job_name": "UI/UX Designer",
      "company_name": "Creative Minds",
      "location": "FL",
      "industry": "Design",
      "size_of_company": "10-20 staff",
      "job_posted": 4,
      "job_filled": 1,
      "job_rate_per_hour": "$22-$28",
      "hours_per_week": 35,
      "employment": "part time",
      "experience_level": "3/4 years",
      "job_description": "Proin non quam eu urna elementum dignissim. Nullam vel massa nec est suscipit feugiat. Integer euismod nisl ac augue bibendum, in ullamcorper sem sagittis.",
      "by_employee_name": "Sarah Wilson"
    },
    {
      "job_name": "IT Support Specialist",
      "company_name": "HelpDesk",
      "location": "IL",
      "industry": "IT Services",
      "size_of_company": "5-10 staff",
      "job_posted": 2,
      "job_filled": 2,
      "job_rate_per_hour": "$15-$18",
      "hours_per_week": 40,
      "employment": "full time",
      "experience_level": "2/3 years",
      "job_description": "Suspendisse potenti. Aenean mollis erat vel odio volutpat, et tincidunt eros vehicula. Nulla facilisi. Phasellus fringilla velit nec libero cursus, id hendrerit velit ullamcorper.",
      "by_employee_name": "David Martinez"
    },
    {
      "job_name": "Project Manager",
      "company_name": "PM Solutions",
      "location": "WA",
      "industry": "Consulting",
      "size_of_company": "50-100 staff",
      "job_posted": 3,
      "job_filled": 5,
      "job_rate_per_hour": "$30-$35",
      "hours_per_week": 40,
      "employment": "full time",
      "experience_level": "5+ years",
      "job_description": "In scelerisque turpis non arcu cursus, sed tincidunt lorem malesuada. Ut sed felis non elit tempor pretium. Morbi in sem eget nulla varius efficitur.",
      "by_employee_name": "Laura Lee"
    },
    {
      "job_name": "SEO Specialist",
      "company_name": "RankHigher",
      "location": "NJ",
      "industry": "Marketing",
      "size_of_company": "20-30 staff",
      "job_posted": 1,
      "job_filled": 2,
      "job_rate_per_hour": "$18-$22",
      "hours_per_week": 25,
      "employment": "part time",
      "experience_level": "2/3 years",
      "job_description": "Fusce at purus a ante dignissim venenatis. Curabitur convallis magna id urna cursus, non sodales urna congue. Mauris non urna at mi consectetur cursus eget at tortor.",
      "by_employee_name": "James Anderson"
    },
    {
      "job_name": "DevOps Engineer",
      "company_name": "CloudTech",
      "location": "GA",
      "industry": "Cloud Computing",
      "size_of_company": "30-50 staff",
      "job_posted": 2,
      "job_filled": 1,
      "job_rate_per_hour": "$40-$45",
      "hours_per_week": 40,
      "employment": "full time",
      "experience_level": "4/5 years",
      "job_description": "Sed nec sapien id elit tristique consequat. Aenean sollicitudin justo in purus convallis, nec tempor enim facilisis. Nullam accumsan dolor nec risus tristique varius.",
      "by_employee_name": "Sophia Harris"
    },
    {
      "job_name": "System Administrator",
      "company_name": "SysAdminPro",
      "location": "PA",
      "industry": "IT Services",
      "size_of_company": "15-20 staff",
      "job_posted": 3,
      "job_filled": 2,
      "job_rate_per_hour": "$25-$30",
      "hours_per_week": 38,
      "employment": "full time",
      "experience_level": "3/4 years",
      "job_description": "Integer nec arcu vitae dolor vestibulum laoreet. Pellentesque habitant morbi tristique senectus et netus et malesuada fames ac turpis egestas.",
      "by_employee_name": "William Jones"
    },
    {
      "job_name": "Content Writer",
      "company_name": "WriteRight",
      "location": "MA",
      "industry": "Media",
      "size_of_company": "10-15 staff",
      "job_posted": 2,
      "job_filled": 3,
      "job_rate_per_hour": "$12-$15",
      "hours_per_week": 20,
      "employment": "part time",
      "experience_level": "1/2 years",
      "job_description": "Quisque euismod magna et felis tempus, sit amet viverra nisl laoreet. Proin a velit nec libero accumsan efficitur et at dolor. Mauris vehicula felis id justo pharetra, non bibendum magna tincidunt.",
      "by_employee_name": "Oliver Martinez"
    },
    {
      "job_name": "Social Media Manager",
      "company_name": "SocialGurus",
      "location": "NV",
      "industry": "Marketing",
      "size_of_company": "25-30 staff",
      "job_posted": 1,
      "job_filled": 2,
      "job_rate_per_hour": "$20-$25",
      "hours_per_week": 30,
      "employment": "full time",
      "experience_level": "3/4 years",
      "job_description": "Maecenas hendrerit velit et metus consequat, at interdum nisi facilisis. Praesent convallis est eu turpis fermentum, nec ultricies dui facilisis. Nunc rutrum augue a arcu vehicula, id blandit elit egestas.",
      "by_employee_name": "Charlotte Thompson"
    },
    {
      "job_name": "Cybersecurity Analyst",
      "company_name": "SecureNet",
      "location": "OH",
      "industry": "IT Security",
      "size_of_company": "10-20 staff",
      "job_posted": 3,
      "job_filled": 1,
      "job_rate_per_hour": "$30-$35",
      "hours_per_week": 40,
      "employment": "full time",
      "experience_level": "4/5 years",
      "job_description": "Curabitur vitae lectus at odio suscipit tempus. Donec tincidunt odio eget odio finibus, eget elementum velit consectetur. Vivamus non magna a lorem efficitur gravida.",
      "by_employee_name": "Ethan Walker"
    },
    {
      "job_name": "Digital Marketing Manager",
      "company_name": "MarketMasters",
      "location": "MI",
      "industry": "Marketing",
      "size_of_company": "30-40 staff",
      "job_posted": 2,
      "job_filled": 1,
      "job_rate_per_hour": "$25-$30",
      "hours_per_week": 35,
      "employment": "full time",
      "experience_level": "4/5 years",
      "job_description": "Sed vehicula justo sit amet sapien malesuada, ac luctus leo hendrerit. Nunc sed arcu a metus viverra convallis a id leo. Praesent volutpat felis a tortor vehicula, et faucibus urna laoreet.",
      "by_employee_name": "Mia Clark"
    },
    {
      "job_name": "Graphic Designer",
      "company_name": "DesignPros",
      "location": "NC",
      "industry": "Design",
      "size_of_company": "5-10 staff",
      "job_posted": 3,
      "job_filled": 2,
      "job_rate_per_hour": "$18-$22",
      "hours_per_week": 30,
      "employment": "part time",
      "experience_level": "2/3 years",
      "job_description": "Nulla malesuada libero at sem suscipit, a iaculis lorem ornare. Sed at elit sed lacus efficitur consequat. Aliquam ut orci a sem elementum vehicula in a sapien.",
      "by_employee_name": "Amelia Martinez"
    },
    {
      "job_name": "QA Engineer",
      "company_name": "TestPerfect",
      "location": "CO",
      "industry": "IT",
      "size_of_company": "10-15 staff",
      "job_posted": 4,
      "job_filled": 1,
      "job_rate_per_hour": "$22-$26",
      "hours_per_week": 40,
      "employment": "full time",
      "experience_level": "3/4 years",
      "job_description": "Praesent venenatis magna nec justo auctor, ut egestas sapien tincidunt. Fusce id felis et ex fermentum molestie in sed risus. Ut hendrerit lorem ac tortor consectetur, sed auctor arcu blandit.",
      "by_employee_name": "Daniel Lopez"
    },
    {
      "job_name": "Business Analyst",
      "company_name": "BizAnalyze",
      "location": "AZ",
      "industry": "Consulting",
      "size_of_company": "15-20 staff",
      "job_posted": 2,
      "job_filled": 2,
      "job_rate_per_hour": "$30-$35",
      "hours_per_week": 40,
      "employment": "full time",
      "experience_level": "4/5 years",
      "job_description": "Ut feugiat mi a urna aliquam, quis vehicula nisi sagittis. In volutpat felis at nisi efficitur, ac volutpat arcu elementum. Sed dapibus ligula et lacus dictum, nec vulputate quam convallis.",
      "by_employee_name": "Elijah Harris"
    },
    {
      "job_name": "Database Administrator",
      "company_name": "DataSecure",
      "location": "VA",
      "industry": "IT Services",
      "size_of_company": "20-30 staff",
      "job_posted": 1,
      "job_filled": 3,
      "job_rate_per_hour": "$28-$32",
      "hours_per_week": 38,
      "employment": "full time",
      "experience_level": "3/4 years",
      "job_description": "Integer sit amet purus non erat iaculis blandit. Nulla convallis felis nec urna cursus, et auctor sem condimentum. Curabitur venenatis libero vel eros efficitur, et hendrerit lectus suscipit.",
      "by_employee_name": "Ava Nelson"
    },
    {
      "job_name": "Cloud Architect",
      "company_name": "SkyNet",
      "location": "OR",
      "industry": "Cloud Computing",
      "size_of_company": "50-100 staff",
      "job_posted": 2,
      "job_filled": 1,
      "job_rate_per_hour": "$45-$50",
      "hours_per_week": 40,
      "employment": "full time",
      "experience_level": "5+ years",
      "job_description": "Duis hendrerit urna vel est sollicitudin, ac lobortis enim convallis. Maecenas suscipit sapien ut purus ultricies, sed suscipit magna tempus. Aenean in velit at enim vestibulum venenatis.",
      "by_employee_name": "Lucas Carter"
    },
    {
      "job_name": "Product Manager",
      "company_name": "InnovateNow",
      "location": "TN",
      "industry": "Tech",
      "size_of_company": "30-50 staff",
      "job_posted": 3,
      "job_filled": 2,
      "job_rate_per_hour": "$35-$40",
      "hours_per_week": 40,
      "employment": "full time",
      "experience_level": "5+ years",
      "job_description": "Proin vehicula erat eu metus scelerisque, nec scelerisque libero volutpat. In hac habitasse platea dictumst. Nulla vitae odio ac felis volutpat efficitur ac id magna.",
      "by_employee_name": "Mason Martinez"
    },
    {
      "job_name": "Full-Stack Developer",
      "company_name": "CodeComplete",
      "location": "MO",
      "industry": "IT",
      "size_of_company": "10-20 staff",
      "job_posted": 4,
      "job_filled": 3,
      "job_rate_per_hour": "$30-$35",
      "hours_per_week": 40,
      "employment": "full time",
      "experience_level": "3/4 years",
      "job_description": "Phasellus sit amet dui id purus egestas convallis. Fusce ac augue ut ex faucibus tincidunt et sit amet leo. Nam non justo vitae arcu bibendum aliquam ut et nulla.",
      "by_employee_name": "Alexander Scott"
    }
  ]
  